{
  "imu_mean": [
    -8.581623098681506,
    -1.5260140224626069,
    2.4326847541630308,
    -36.875299975955386,
    -14.314869654921003,
    4.7398636437674035
  ],
  "imu_scale": [
    2.1478915814207964,
    1.7510208061959962,
    2.654921921116151,
    482.9378991617201,
    234.78004318106818,
    198.37159562703332
  ],
  "mag_mean": [
    478.8990653625695,
    37.250442498468125,
    49.714897577699006
  ],
  "mag_scale": [
    322.50239164758057,
    353.6506099885698,
    482.2084018878734
  ],
  "fitted": true
}