{
  "imu_mean": [
    -8.616741035999192,
    -1.4961751858902488,
    2.2199980046832204,
    -30.883734857678817,
    -13.535116876697224,
    3.975952900766503
  ],
  "imu_scale": [
    2.1325810938251886,
    1.7072117273019254,
    2.602925101457672,
    470.4411316997553,
    227.24957767125085,
    183.04075297159932
  ],
  "mag_mean": [
    477.06679890617227,
    39.909144488559484,
    54.39756772257588
  ],
  "mag_scale": [
    321.39642275713726,
    359.13184990492925,
    475.87352782625055
  ],
  "fitted": true
}